jurisdiction,abbr,statute_label,citation,status,granted_by,basis,age_specified,terminal_time,ineligibility,pre_post_medical,risk_language,source,source_detail
Alabama,AL,Medical Furlough,Ala. Code secs. 14-14-1 to 14-14-7,Compassionate release,Commissioner,Age; Chronic; Terminal,55,Not specified,Sex; Murder; Death/life,History; Med care,risk for violence,"Wylie, Knutson, and Greene (2018), Psychology, Public Policy, and Law 24(2), 216-234","table 1, p. 220"
Alaska,AK,Special Medical Parole,AK Stat. sec. 33.16.085,Compassionate release,Parole Board,Chronic; MH,,,Sex; Sentence,None specified,likelihood of ... committing the same or similar offense is low,"Wylie, Knutson, and Greene (2018), Psychology, Public Policy, and Law 24(2), 216-234","table 1, p. 220"
Arizona,AZ,Order for Removal,"AZ Title 31, Chapter 2, Article 2, sec. 31-233",Temporary release only,Director,Cost,,,None specified,None specified,None specified,"Wylie, Knutson, and Greene (2018), Psychology, Public Policy, and Law 24(2), 216-234","table 1, p. 220"
Arkansas,AR,,AR Code sec. 12-29-404,Compassionate release,Parole Board,Chronic; Terminal,,2 years,Sex,None specified,no longer a threat to public safety,"Wylie, Knutson, and Greene (2018), Psychology, Public Policy, and Law 24(2), 216-234","table 1, p. 220"
California,CA,Medical parole,Penal Code Section 3550,Compassionate release,Parole Board,Chronic,,,Death/life,History,would not reasonably pose a threat to public safety,"Wylie, Knutson, and Greene (2018), Psychology, Public Policy, and Law 24(2), 216-234","table 1, p. 220"
California,CA,Compassionate Release,Government Code if Counties 26605.6,Compassionate release,"Sheriff, or designee",Terminal,,6 months or less,None specified,None specified,would not reasonably pose a threat to public safety,"Wylie, Knutson, and Greene (2018), Psychology, Public Policy, and Law 24(2), 216-234","table 1, p. 220"
Colorado,CO,Special Needs Parole,Colo. Rev. Stat. secs. 17-22.5-403.5; 17-1-102,Compassionate release,Parole Board,Age; Chronic; Terminal; MH; Cost,60,Not specified,Time,None specified,not likely to pose a risk to public safety,"Wylie, Knutson, and Greene (2018), Psychology, Public Policy, and Law 24(2), 216-234","table 1, p. 220"
Connecticut,CT,Medical Parole; Compassionate Release,Conn. Gen. Stat. secs. 54-131a to 54-131k,Compassionate release,Parole and Pardons Board,Age; Chronic; Terminal; MH,Not specified,Not specified,Death/life; Sentence; Time,None specified,physically incapable of presenting a danger to society,"Wylie, Knutson, and Greene (2018), Psychology, Public Policy, and Law 24(2), 216-234","table 1, p. 220"
Delaware,DE,Eligibility for Parole,DE Code Chapter 11 sec. 4346,Compassionate release,Parole Board,Chronic; MH; Cost,,,None specified,Med care,None specified,"Wylie, Knutson, and Greene (2018), Psychology, Public Policy, and Law 24(2), 216-234","table 1, p. 220"
District of Columbia,DC,Medical Parole,D.C. Code sec. 24-464,Compassionate release,Parole Board,Chronic; Terminal,,Not specified,None specified,None specified,not incompatible with the welfare of society,"Wylie, Knutson, and Greene (2018), Psychology, Public Policy, and Law 24(2), 216-234","table 1, p. 220"
District of Columbia,DC,Conditions for Geriatric Release,D.C. Code sec. 24-465,Compassionate release,Parole Board,Age; Chronic,65,,None specified,None specified,None specified,"Wylie, Knutson, and Greene (2018), Psychology, Public Policy, and Law 24(2), 216-234","table 1, p. 220"
Florida,FL,Conditional Medical Release,FL. Stat. Ann. sec. 947.149(1),Compassionate release,Commissioner,Chronic; Terminal,,Not specified,Death/life,None specified,not constitute a danger to herself or himself or other,"Wylie, Knutson, and Greene (2018), Psychology, Public Policy, and Law 24(2), 216-234","table 1, p. 220"
Georgia,GA,Medical Reprieve,O.C.G.A. sec. 42.9.43(b),Compassionate release,Parole Board,Chronic; Terminal; MH,,12 months,None specified,None specified,an extremely low risk of physical threat to others or to the community,"Wylie, Knutson, and Greene (2018), Psychology, Public Policy, and Law 24(2), 216-234","table 1, p. 220"
Hawaii,HI,Medical Release,Cor.10.1G.11 (policy and procedure manual for Corrections Administration),Compassionate release,"Dept. of Public Safety, Corrections Administration",Chronic; Terminal; MH; Cost,,Not specified,None specified,None specified,None specified,"Wylie, Knutson, and Greene (2018), Psychology, Public Policy, and Law 24(2), 216-234","table 1, p. 220"
Idaho,ID,Medical Parole,ID Code sec. 20-223,Compassionate release,Commissioner,Chronic; Terminal,,Not specified,Death/life,None specified,reasonably believes the prisoner no longer poses a threat to the safety of society,"Wylie, Knutson, and Greene (2018), Psychology, Public Policy, and Law 24(2), 216-234","table 1, p. 221"
Illinois,IL,None,,None,,,,,,,,"Wylie, Knutson, and Greene (2018), Psychology, Public Policy, and Law 24(2), 216-234","table 1, p. 221"
Indiana,IN,Special Medical Clemency,220 IAC 1.1-4-1.5 (Administrative Code),Compassionate release,Commissioner,Chronic; Cost,,,Death/life,None specified,engaging in any future serious criminal activity,"Wylie, Knutson, and Greene (2018), Psychology, Public Policy, and Law 24(2), 216-234","table 1, p. 221"
Iowa,IA,None,,None,,,,,,,,"Wylie, Knutson, and Greene (2018), Psychology, Public Policy, and Law 24(2), 216-234","table 1, p. 221"
Kansas,KS,Terminal Medical Release,22-3729,Compassionate release,Parole Board,Terminal,,30 days,Sentence,None specified,precludes the person from posing a threat to the public,"Wylie, Knutson, and Greene (2018), Psychology, Public Policy, and Law 24(2), 216-234","table 1, p. 221"
Kentucky,KY,Parole of Prisoners with Documented Medical Condition,KY Rev Stat sec. 439.3405,Compassionate release,Parole Board,Terminal,,1 year,Sentence,None specified,would not pose a threat to society if paroled,"Wylie, Knutson, and Greene (2018), Psychology, Public Policy, and Law 24(2), 216-234","table 1, p. 221"
Louisiana,LA,Medical Parole,La. Rev. Stat. Ann. sec. 15:574.20,Compassionate release,Parole Board,Chronic; Terminal,,less than 1 year,Death/life,None specified,represents a low risk to himself or society,"Wylie, Knutson, and Greene (2018), Psychology, Public Policy, and Law 24(2), 216-234","table 1, p. 221"
Louisiana,LA,General Parole Eligibility,La. Rev. Stat. Ann. sec. 15:574.4,Compassionate release,Parole Board,Age,"45; 60, depends on sentence",,Murder; Time,None specified,obtained low-risk scores,"Wylie, Knutson, and Greene (2018), Psychology, Public Policy, and Law 24(2), 216-234","table 1, p. 221"
Maine,ME,Community Confinement Monitoring Program; Terminally Ill of Incapacitated Inmate,Sec. 6. 30-A MURDERSA sec. 1659-A,Compassionate release,Sheriff,Chronic; Terminal; Cost,,Not specified,Sex; Time,None specified,verified security classification level of 'Medium' or 'minimum' and scores 'moderate' or 'less' on a validated risk assessment tool,"Wylie, Knutson, and Greene (2018), Psychology, Public Policy, and Law 24(2), 216-234","table 1, p. 221"
Maryland,MD,Medical Parole,"Md. Code Ann., Correctional Services sec. 7-309",Compassionate release,Parole Board,Chronic; MH,,,Sentence,None specified,physically incapable of presenting a danger to society,"Wylie, Knutson, and Greene (2018), Psychology, Public Policy, and Law 24(2), 216-234","table 1, p. 221"
Maryland,MD,Violent Crime,"Md. Code Ann., Crim. Law sec. 14-101(f)",Compassionate release,Parole Board,Age,65,,Time,None specified,None specified,"Wylie, Knutson, and Greene (2018), Psychology, Public Policy, and Law 24(2), 216-234","table 1, p. 221"
Massachusetts,MA,None,,None,,,,,,,,"Wylie, Knutson, and Greene (2018), Psychology, Public Policy, and Law 24(2), 216-234","table 1, p. 221"
Michigan,MI,Release of Prisoner on Parole,Sec. 791.235(10),Compassionate release,Parole Board,Chronic; MH,,,None specified,None specified,None specified,"Wylie, Knutson, and Greene (2018), Psychology, Public Policy, and Law 24(2), 216-234","table 1, p. 221"
Minnesota,MN,Conditional Medical Release,Minn. Stat. Ann. sec. 244.05(8),Compassionate release,Commissioner,Chronic,,,Death/life; Time,None specified,poses no threat to the public,"Wylie, Knutson, and Greene (2018), Psychology, Public Policy, and Law 24(2), 216-234","table 1, p. 221"
Mississippi,MS,Conditional Medical Release,sec. 47-7-4,Compassionate release,Commissioner and Medical Director,Chronic; Cost,,,Sex; Time,None specified,None specified,"Wylie, Knutson, and Greene (2018), Psychology, Public Policy, and Law 24(2), 216-234","table 1, p. 221"
Missouri,MO,Inmate with terminal disease or advanced age where confinement will endanger or shorten life,Mo. Rev. Stat. sec. 217.250,Compassionate release,Probation and Parole Board,Age; Terminal; Cost,Not specified,Not specified,None specified,None specified,None specified,"Wylie, Knutson, and Greene (2018), Psychology, Public Policy, and Law 24(2), 216-234","table 1, p. 222"
Montana,MT,Medical Parole,20.25.307,Compassionate release,Parole Board,Chronic; Terminal; Cost,,6 months or less,Death/life; Sentence,None specified,"unlikely to pose a detriment to the inmate, victim, or community","Wylie, Knutson, and Greene (2018), Psychology, Public Policy, and Law 24(2), 216-234","table 1, p. 222"
Nebraska,NE,Medical Parole,"Nebraska Revised Statute 83-1,110.02",Compassionate release,Parole Board,Chronic; Terminal,,Not specified,Death/life,None specified,None specified,"Wylie, Knutson, and Greene (2018), Psychology, Public Policy, and Law 24(2), 216-234","table 1, p. 222"
Nevada,NV,Residential Confinement or Other Appropriate Supervision of Inmates who are Physically Incapacitated or in Ill Health,NRS 209.3925,Compassionate release,Medical Division of Dept. of Corrections,Chronic; Terminal,,12 months,Death/life; Sentence,None specified,"and likely will not in the future, pose a threat to the safety of the public","Wylie, Knutson, and Greene (2018), Psychology, Public Policy, and Law 24(2), 216-234","table 1, p. 222"
New Hampshire,NH,Medical Parole,NH Rev. Stat. 651-A:10-a,Compassionate release,Parole Board,Chronic; Terminal; Cost,,Not specified,Death/life,None specified,there is a reasonable probability that the inmate will not violate the law,"Wylie, Knutson, and Greene (2018), Psychology, Public Policy, and Law 24(2), 216-234","table 1, p. 222"
New Jersey,NJ,Medical Parole,"N.J. R. Crim. R. 3:21-10; P.L.1997, c.214 (C.30:4-123.51c)",Compassionate release,Parole Board,Terminal,,6 months or less,Sex; Murder,None specified,permanently physically incapable of committing a crime if released on parole,"Wylie, Knutson, and Greene (2018), Psychology, Public Policy, and Law 24(2), 216-234","table 1, p. 222"
New Mexico,NM,Medical and Geriatric Parole Program,N.Mex. Stat. sec. 31-21-25.1,Compassionate release,Parole Board,Age; Chronic; Terminal,65,6 months,None specified,None specified,does not constitute a danger to himself or society,"Wylie, Knutson, and Greene (2018), Psychology, Public Policy, and Law 24(2), 216-234","table 1, p. 222"
New York,NY,Release on Medical Parole for Terminally Ill Inmates,N.Y. Exec. Law sec. 259-r,Compassionate release,Parole Board,Terminal; MH,,Not specified,Murder; Sentence; Time,None specified,"will live and remain at liberty without violating the law, and that such release is not incompatible with the welfare of society","Wylie, Knutson, and Greene (2018), Psychology, Public Policy, and Law 24(2), 216-234","table 1, p. 222"
New York,NY,Release on Parole for Inmates Suffering Significant Debilitating Illness,N.Y. Exec. Law sec. 259-s,Compassionate release,Parole Board,Chronic; MH,,,Murder; Sentence; Time,None specified,"will live and remain at liberty without violating the law, and that such release is not incompatible with the welfare of society","Wylie, Knutson, and Greene (2018), Psychology, Public Policy, and Law 24(2), 216-234","table 1, p. 222"
North Carolina,NC,Medical Release of Inmates,N.C. Gen. Stat. secs. 15A-1369 to 1369.5,Compassionate release,Commissioner,Age; Chronic; Terminal,65,6 months,Sex; Murder; Time,None specified,does not pose a public safety risk.,"Wylie, Knutson, and Greene (2018), Psychology, Public Policy, and Law 24(2), 216-234","table 1, p. 222"
North Dakota,ND,Home Detention and Monitoring for Certain Inmates,12-67-01,Compassionate release,Administrator of Correctional Facility,Cost,,,Sentence,None specified,None specified,"Wylie, Knutson, and Greene (2018), Psychology, Public Policy, and Law 24(2), 216-234","table 1, p. 223"
Ohio,OH,Release or Parole of Dying Prisoner,Ohio Rev Code sec. 2967.05,Compassionate release,The Governor,Chronic; Terminal,,Not specified,Death/life; Sentence,None specified,Institutional confinement of the inmate does not offer additional protections for public safety or against the inmate's risk to reoffend,"Wylie, Knutson, and Greene (2018), Psychology, Public Policy, and Law 24(2), 216-234","table 1, p. 223"
Oklahoma,OK,Consideration for Parole,"Okla. St. Tit. 57, sec. 332.7",Compassionate release,The Director of Dept. of Corrections and Parole Board,Age,60,,Sentence; Time,None specified,None specified,"Wylie, Knutson, and Greene (2018), Psychology, Public Policy, and Law 24(2), 216-234","table 1, p. 223"
Oklahoma,OK,Placement on Board Docket for Medical Reasons,sec. 57-332.18,Compassionate release,The Director of Dept. of Corrections and Parole Board,Chronic; Terminal,,Not specified,Death/life; Sentence,None specified,no longer an unreasonable threat to public safety,"Wylie, Knutson, and Greene (2018), Psychology, Public Policy, and Law 24(2), 216-234","table 1, p. 223"
Oregon,OR,Advancing Release Date of Prisoner with Severe Medical Condition Including Terminal Illness of Who is Elderly and Permanently Incapacitated,Ore. Rev. Stat. sec. 144.122(1); Ore. Rev. Stat. sec. 144.126,Compassionate release,Parole Board and Post-Prison Supervision,Age; Chronic; Terminal,Not specified,Not specified,Death/life; Sentence,None specified,not incompatible with the best interests of the prisoner and society,"Wylie, Knutson, and Greene (2018), Psychology, Public Policy, and Law 24(2), 216-234","table 1, p. 223"
Pennsylvania,PA,Transfer of Inmate in Need of Medical Treatment,Title 42 sec. 9777,Compassionate release,Sentencing Court,Terminal; Cost,,Not specified,None specified,Med care,does not pose an undue risk of escape or danger to the community,"Wylie, Knutson, and Greene (2018), Psychology, Public Policy, and Law 24(2), 216-234","table 1, p. 223"
Rhode Island,RI,Medical Parole Act,RI Gen L sec. 13-8.1-1 (2013),Compassionate release,Parole Board,Chronic; Terminal; MH; Cost,,6 months,Death/life; Sentence,None specified,None specified,"Wylie, Knutson, and Greene (2018), Psychology, Public Policy, and Law 24(2), 216-234","table 1, p. 223"
South Carolina,SC,"Parole for Terminally Ill, Geriatric, or Permanently Disabled Inmates",S.C. Code Ann. secs. 24-21-715,Compassionate release,Parole Board,Age; Chronic; Terminal,70,2 years,None specified,None specified,and does not pose a threat to society or himself,"Wylie, Knutson, and Greene (2018), Psychology, Public Policy, and Law 24(2), 216-234","table 1, p. 223"
South Dakota,SD,Furlough for Medical Treatment,,Temporary release only,,,,,,,,"Wylie, Knutson, and Greene (2018), Psychology, Public Policy, and Law 24(2), 216-234","table 1, p. 223"
Tennessee,TN,Grant of Furloughs to Inmates,TCA 41-21-227,Compassionate release,The Dept. of Corrections,Chronic; Terminal; MH,,Not specified,None specified,None specified,without substantial risk that they will commit a crime while on furlough,"Wylie, Knutson, and Greene (2018), Psychology, Public Policy, and Law 24(2), 216-234","table 1, p. 223"
Texas,TX,Medically Recommended Intensive Supervisions,Tex. Gov't. Code sec. 508.146,Compassionate release,Parole Board,Age; Chronic; Terminal; MH; Cost,Not specified,Not specified,Death/life; Sentence,None specified,does not constitute a threat to public safety,"Wylie, Knutson, and Greene (2018), Psychology, Public Policy, and Law 24(2), 216-234","table 1, p. 224"
Utah,UT,None,,None,,,,,,,,"Wylie, Knutson, and Greene (2018), Psychology, Public Policy, and Law 24(2), 216-234","table 1, p. 224"
Vermont,VT,Release on Parole,28 VSA sec. 502 a (d),Compassionate release,Parole Board,Chronic; Terminal,,Not specified,Sentence; Time,None specified,unlikely to be physically capable of presenting a danger to society,"Wylie, Knutson, and Greene (2018), Psychology, Public Policy, and Law 24(2), 216-234","table 1, p. 224"
Virginia,VA,Conditional Release of Geriatric,Va. Code Ann. sec. 53.1-40.01,Compassionate release,Parole Board,Age,"60; 65, depends on sentence",,Time,None specified,None specified,"Wylie, Knutson, and Greene (2018), Psychology, Public Policy, and Law 24(2), 216-234","table 1, p. 224"
Washington,WA,Release Prior to Expiration of Sentence,Wash. Rev. Code sec. 9.94A.728,Compassionate release,Governor and Parole Board,Age; Chronic; Cost,Not specified,,Death/life; Sentence,None specified,poses a low risk to the community,"Wylie, Knutson, and Greene (2018), Psychology, Public Policy, and Law 24(2), 216-234","table 1, p. 224"
West Virginia,WV,Medical Respite,policy 410.12 of Division of Corrections,Compassionate release,Governor,Chronic; Terminal; Cost,,Not specified,None specified,None specified,do not pose a substantial risk to society,"Wylie, Knutson, and Greene (2018), Psychology, Public Policy, and Law 24(2), 216-234","table 1, p. 224"
Wisconsin,WI,Release to Extended Supervision for Felony Inmates not Serving Life Sentences,Wis. Stat. sec. 302.113(9g),Compassionate release,Program Review Committee,Age; Chronic; Cost,"60; 65, depends on sentence",,Sentence; Time,None specified,None specified,"Wylie, Knutson, and Greene (2018), Psychology, Public Policy, and Law 24(2), 216-234","table 1, p. 224"
Wyoming,WY,Medical Parole,Wyo. Stat. Ann. sec. 7-13-424,Compassionate release,Probation and Parole Board,Age; Chronic; Terminal; MH; Cost,Not specified,12 months,Death/life; Sentence,None specified,not likely to abscond or violate the law if released,"Wylie, Knutson, and Greene (2018), Psychology, Public Policy, and Law 24(2), 216-234","table 1, p. 224"
Federal,Fed,,18 U.S.C. secs. 3582(c)(1)(A) and 4205(g),Compassionate release,Sentencing Court,Age; Chronic; Terminal; MH,"65; 70, depends on when sentenced",18 months or less,Sentence; Time,History; Med care,pose a danger to the safety of any other person or the community,"Wylie, Knutson, and Greene (2018), Psychology, Public Policy, and Law 24(2), 216-234","table 1, p. 224"
